STR_name,ref_sequence,start,end,size,BP_modifier,ref_STR_size,SNP_mod,notes
CSF1PO,CAGCTGGGATGTGGAGTGGTGTGAGGAGTGGCCACAGGGGAGCAGAGGAGGTGGCAGAAGCCGGAGGTAAAGGTGTCTTAAAGTGAGAAAGAATAACTGCATCTTAACCTATTGGGAGGTCATTGTAAAGAGGAGAGTGATGGGGTCAGATTGTACAGAGGAGGCACTTCGTGGTGGTCAGGAGCACACACTCCAGGGCAGTGTTCCAACCTGAGTCTGCCAAGGACTAGCAGGTTGCTAACCACCCTGTGTCTCAGTTTTCCTACCTGTAAAATGAAGATATTAACAGTAACTGCCTTCATAGATAGAAGATAGATAGATTAGATAGATAGATAGATAGATAGATAGATAGATAGATAGATAGATAGATAGGAAGTACTTAGAACAGGGTCTGACACAGGAAATGCTGTCCAAGTGTGCACCAGGAGATAGTATCTGAGAAGGCTCAGTCTGGCACCATGTGGGTTGGGTGGGAACCTGGAGGCTGGAGAATGGGCTGAAGATGGCCAGTGGTGTGTGGAAGAGTCTGAGATGCAGGGATGAGGAAGAGAAAGGAGATAAGGATGACCTCCAGGTCTCTGGCTATGGTGATTGGGTGCA,GATAGATAGATT,GAACAGGGTC,4,12,12,,genbank acc. X14720
FGA,ACACCTTTAAAATTCCAAAGAAAGTTCTTCTTCTATATTTCTTTGGGATTACTAATTGCTATTAGGACATCTTAACTGGCATTCATGGAAGGCTGCAGGGCATAACATTATCCAAAAGTCAAATGCCCCATAGGTTTTGAACTCACAGATTAAACTGTAACCAAAATAAAATTAGGCATATTTACAAGCTAGTTTCTTTCTTTCTTTTTTCTCTTTCTTTCTTTCTTTCTTTCTTTCTTTCTTTCTTTCTTTCTTTCTTTCTTTCTCCTTCCTTCCTTTCTTCCTTTCTTTTTTGCTGGCAATTACAGACAAATCACTCAGCAGCTACTTCAATAACCATATTTTCGATTTCAGACCGTGATAATACCTACAACCGAGTGTCAGAGGATCTGAGAAGCAGAATTGAAGTCCTGAAGCGCAAAGTCATAGAAAAAGTACAGCATATCCAGCTTCTGCAGAAAAATGTTAGAGCTCAGTTGGTTGATATGAAACGACTGGAGGTAAGTATGTGGCTGTGGTCCCGAGTGTCCTTGTTTTTGA,TATTTACAAGCTAG,TTTCTTCCTTTCTT,4,0,21,,genbank acc. M64982
TH01,CCTACTCCCACCTGCCCCTGCCTCCCTCTGCCCCAGCTGCCCTAGTCAGCACCCCAACCAGCCTGCCTGCTTGGGGAGGCAGCCCCAAGGCCCTTCCCAGGCTCTAGCAGCAGCTCATGGTGGGGGGTCCTGGGCAAATAGGGGGCAAAATTCAAAGGGTATCTGGGCTCTGGGGTGATTCCCATTGGCCTGTTCCTCCCTTATTTCCCTCATTCATTCATTCATTCATTCATTCATTCATTCATTCACCATGGAGTCTGTGTTCCCTGTGACCTGCACTCGGAAGCCCTGTGTACAGGGGACTGTGTGGGCCAGGCTGGATAATCGGGAGCTTTTCAGCCCACAGGAGGGGTCTTCGGTGCCTCCTTGGGCACTCAGAACCTTGGGCTCCCTGGCACATTTAAAATGGGTTTTTATTTA,CATTGGCCTGTTC,TGTGTTCCCTGTG,4,27,9,,genbank acc. D00269
TPOX,CCACTGCTGACTTCCCCAAGCTAACTGTGCCACAGAGTGGGGACCCCCTCCCAGCTCTCACAACCCCCACCTTCCTCTGCTTCACTTTTCACCAACTGAAATATGGCCAAAGGCAAAAACCCATGTTCCCACTGGCCTGTGGGTCCCCCCATAGATCGTAAGCCCAGGAGGAAGGGCTGTGTTTCAGGGCTGTGATCACTAGCACCCAGAACCGTCGACTGGCACAGAACAGGCACTTAGGGAACCCTCACTGAATGAATGAATGAATGAATGAATGAATGAATGAATGAATGAATGTTTGGGCAAATAAACGCTGACAAGGACAGAAGGGCCTAGCGGGAAGGGAACAGGAGTAAGACCAGCGCACAGCCCGACTTGTGTTCAGAAGACCTGGGATTGGACCTGAGGAGTTCAATTTTGGATGAATCTCTTAATTAACCTGTGTGGTTCCCAGTTCCTCCCCTGAGCGCCCAGGACAGTAGAGTCAACCTCACGTTTGAGCGTTGGGGACGCAAACACGAGAGTGCTTGGTGTGAGCAC,CACTTAGGGAACC,TTTGGGCAAATA,4,7,11,,genbank acc. M68651
VWA,AGCAGTAGAGAGAACTAGAGGGATCATTTACTTCAAGCCCCTCATTTTATAGACATTACTAGTCTCCTACAATGTGCCGGGCACTTTGCCCTTATTATTTTGTGAACTCCTCAGACTGATCCTATAAGGTAGAGTTCCCACCTTCCAGAAGAAGAAACAGGTCTAGAGGATCCAAGTTGACTTGGCTGAGATGTGAAAGCCCTAGTGGATGATAAGAATAATCAGTATGTGACTTGGATTGATCTATCTGTCTGTCTGTCTGTCTATCTATCTATCTATCTATCTATCTATCTATCTATCTATCTATCTATCTATCCATCTATCCATCCATCCTATGTATTTATCATCTGTCCTATCTCTATCTAACCTATGTATCTATTTATCATCTATCCTGTCTCTATCTATCCTTTGTATCTATCA,GACTTGGATTGA,TATTTATCATCTG,4,23,18,,genbank acc. M25858
D3S1358,CCATCTCTTAAAAAAAAAAATTAGCCGGACATGGTGGCTCATGCCTATAATCCCAGGTACTTGGGAGGCTGAGGCAGGAGGACTGCTTGAGCCCAGGAGTTTGAGGCTGTAGTGAGCTATGATTCCCCCACTGCAGTCCAATCTGGGTGACAGAGCAAGACCCTGTCTCATAGATAGATAGATAGATAGATAGATAGATAGATAGATAGATAGATAGATAGATAGATAGACAGACAGATAGATACATGCAAGCCTCTGTTGATTTCATGAGTATAAGAGATGCCCCCAAAGGCACAGGGAATACACACCACAGAAAAATAGATCCCTGGGCAGAAGTGGGCAAGTGAATATGGCCAGCATGCCCATTCTGGAGCAGTGCCCTGGCAGCTGCAGTCCTCACCTGGGAATAGCTTTTCCACT,CCTGTCTCAT,ACATGCAAGCC,4,0,18,,genbank acc. AC099539 )appears to have 18 repeats
D5S818,CATTTGTAATTTTCTAATTCAAAGGAGTATATAATTATGTAATAATTTTAAAATTAAATACTGAGACATGCATATGCTTTTAAAGCTTCTAATTAAAGTGGTGTCCCAGATAATCTGTACTAATAAAAGTATATTTTAATAGCAAGTATGTGACAAGGGTGATTTTCCTCTTTGGTATCCTTATGTAATATTTTGAAGATAGATAGATAGATAGATAGATAGATAGATAGATAGATAGATAGAGGTATAAATAAGGATACAGATAAAGATACAAATGTTGTAAACTGTGGCTATGATTGGAATCACTTGGCTAAAAAGCACTAAAGCATTCCTCTGAGAGAGACAATTACTTTTTTGCTTAGGAAACTACCTCAACAGCCTATTAGCATCTGAAATATGAGGTCCACTATCCAGATGGGAGAGGTTTAGAAAAAGAAGACTTATATTACTCTGTATAATGAAATGATGGAGTATTTGGAG,GTAATATTTTGA,AATAAGGATACAG,4,9,11,,genbank acc. AC008512.8
D7S820,ACTGCAACCTCCGCTTCTTGGGTCAAGTGGTTCTCCTGCCCCAGCCTCCTGAGTAGCTGGGACTACAGGCATGTGCTACTGCATCCAGCTAATTTTTGTATTTTTTTTAGAGACGGGGTTTCACCATGTTGGTCAGGCTGACTATGGAGTTATTTTAAGGTTAATATATATAAAGGGTATGATAGAACACTTGTCATAGTTTAGAACGAACTAACGATAGATAGATAGATAGATAGATAGATAGATAGATAGATAGATAGATAGATAGACAGATTGATAGTTTTTTTTAATCTCACTAAATAGTCTATAGTAAACATTTAATTACCAATATTTGGTGCAATTCTGTCAATGAGGATAAATGTGGAATCGTTATAATTCTTAAGAATATATATTCCCTCTGAGTTTTTGATACCTCAGATTTTAAGACCTCACAATTATCTCATAAGGCTTAAAATCAATCATATTTTGAGGATCAACTTATGGTATTTTTGCCTGTTTTTATTCCTTCTGGTGTGAAAACTGATGCCTTCCATCGTGTAA,CACTTGTCATAGT,CAGATTGATAGTT,4,17,13,,genbank acc.AC004848
D8S1179,TCTGAAGTAAGTAAAACATTGATACAGGATCCTTGGGGTGTCGCTTTTTTGGCCAGAAACCTCTGTAGCCAGTGGCGCCTTTGCCTGAGTTTTGCTCAGGCCCACTGGGCTCTTTTTGCCCACACGGCCGGGCAACTTATATGTATTTTTGTATTTCATGTGTACATTCGTATCTATCTGTCTATCTATCTATCTATCTATCTATCTATCTATCTATCTATCTATTCCCCACAGTGAAAATAATCTACAGGATAGGTAAATAAATTAAGGCATATTCACGCAATGGGATACGATACAGTGATGAAAATGAACTAATTATAGCTACGTGAAACTATACTCATGAACACAATTTGGTAAAAGAAACTGGAAACAAGAATACATACGGTTTTTGACAGCTGTACTATTTTACATTCCCAACAA,TGTGTACATTCG,TATTCCCCACAG,4,0,13,,genbank acc. AF216671
D13S317,GTATTGCAAGCACTTAGTTACATTTCTAGCATATAACACATGATCAATAAATATTTTGACATGAACAAATGGTAATTCTGCCTACAGCCAATGTGAATATTGGGATGGGTTGCTGGACATGGTATCACAGAAGTCTGGGATGTGGAGGAGAGTTCATTTCTTTAGTGGGCATCCGTGACTCTCTGGACTCTGACCCATCTAACGCCTATCTGTATTTACAAATACATTATCTATCTATCTATCTATCTATCTATCTATCTATCTATCTATCAATCAATCATCTATCTATCTTTCTGTCTGTCTTTTTGGGCTGCCTATGGCTCAACCCAAGTTGAAGGAGGAGATTTGACCAACAATTCAAGCTCTCTGAATATGTTTTGAAAATAATGTATATTAATGAATGTACAAATTTCCCCACTTGTACTTTCAGACTGTTATCTGTGAGTTAAAACTCCTCCACTCTTTTTCCTACCCAAATAA,TTACAAATACAT,CTGTCTGTCTTTTTG,4,22,11,TATCAATCATCTATCT=1,
AMELX,GTCACTAATATTTCAGCAGAGGCAAGCAAGAGACACACATAGAGTGTGACTATCTTAGAATCAGGAGTTTTTTGAGCTGGAAAGAGTTTTAAATAACATCTTACCTAATCCTTACATTTTACTAGCTGGGTTAGAACCAAGCTGGTCAGAGTTTACTTTTTGCCCTATCATGGAGCCTCCCTGAGTAGTGGTTCATGATGGGTAAGCTTACGGCCATATTTAGGAGGACAGACTGAGTCAGAGTGGCCAGGCGGGAGGCTGCTGGGACGACACAGGCTTGAGGCCAACCATCAGAGCTTAAACTGGGAAGCTGGTGGTAGGAACTGTAAAATCAGGACCACTTGAGAAACATCTGGGATAAAGAATCAACACACTATTCTTTACAGAGCCCAGGGCATTGTTAACGCAAACAATGGTCAAAATTAGTAAAGAGAAAAATTACCTCATAGCTGAAGTTGATATAACCAGGGTGCCCAGGATGAGGTGGTAGCTTTTACAGGGAGGAGGGGAGGAGAATAGAAAGAGAGAGGAAGGGAGAGAGTGAAGGAAGAGAAGAGAGAGGAAGAGATTAAGTCAGTATGCAATTGTTCACATTAAAGGAGACTGAAGCTACTTTAAAAAAATCTATATAGTGCAGAATATACTTGAGGTCTGTTTTTAGTTTGAACAAATGTGCTGTATAGAAGAGGAGACCTTTTATTTTAAAGAGGTTCAGAACAGCTAAATGACTGTTCCTGGGGTTATAGCCTTATGGCTGGA,TAGGAACTGTA,TTCTTTACAGA,6,42,1,,
D18S51,TACAAAAAAATACAAAAATTAGTTGGGCATGGTGGCACGTGCCTGTAGTCTCAGCTACTTGCAGGGCTGAGGCAGGAGGAGTTCTTGAGCCCAGAAGGTTAAGGCTGCAGTGAGCCATGTTCATGCCACTGCACTTCACTCTGAGTGACAAATTGAGACCTTGTCTCAGAAAGAAAGAAAGAAAGAAAGAAAGAAAGAAAGAAAGAAAGAAAGAAAGAAAGAAAGAAAGAAAGAAAGAAAAAGAGAGAGGAAAGAAAGAGAAAAAGAAAAGAAATAGTAGCAACTGTTATTGTAAGACATCTCCACACACCAGAGAAGTTAATTTTAATTTTAACATGTTAAGAACAGAGAGAAGCCAACATGTCCACCTTAGGCTGACGGTTTGTTTATTTGTGTTGTTGCTGGTAGTCGGGTTTGTTATTTTTAAAGTAGCTTATCCAATACTTCATTAACAATTTCAGTAAGTTATTTCATCTTTCAACATAAATACGCACAAGGATTTCTTCTGGTCAAGACCAAACTAATATTAGTCCATAGTAG,AGACCTTGTCTC,GAAAAGAAATAGTA,4,26,18,,genbank acc. AP001534
PentaD,GAAGGTCGAAGCTGAAGTGAGCCATGATCACACCACTACACTCCAGCCTAGGTGACAGAGCAAGACACCATCTCAAGAAAGAAAAAAAAGAAAGAAAAGAAAAGAAAAGAAAAGAAAAGAAAAGAAAAGAAAAGAAAAGAAAAGAAAAGAAAAGAAAAAACGAAGGGGAAAAAAAGAGAATCATAAACATAAATGTAAAATTTCTCAAAAAAATCGTTATGACCATAGGTTAGGCAAATATTTCTTAGATATCACAAAATCATGACCTATTAAAAAATAATAATAAAGTAAGTTTCATCAAAACTTAAAAGTTCTACTCTTCAAAAGATACC,AAGAAAAAAAAG,AAAAACGAAGGG,5,0,13,,genbank acc. AP001752
PentaE,ACCAACATGAAAGGGTACCAATAACAAGAAAATTGTGGACAGGTGCGGTGATTCACGCCTGCAATCCTAGCACTTTGGGAGGCCGATGCAGGTGTATTACCTGAGCTCAGGAGATCAAGACCAGCCTGGGCAACATGGTGAAACCCCGTCTCTACTAAAATACAAAAAATTAGCTGGGTGTGGTGGTAGGCACCTGTAATCCCAGCTACTCTGGAGGCTGAAACAGGAGAATCACTTGAACCCAGGAGGTGGAGATTGAAGTGAGCCGAGATCACGCCATTGCACTCCAGCCTGGGCGACTGAGCAAGACTCAGTCTCAAAGAAAAGAAAAGAAAAGAAAAGAAAATTGTAAGGAGTTTTCTCAATTAATAACCCAAATAAGAGAATTCTTTCCATGTATCAATCATGATACTaagcactttacacacatgtatgttatgtaatcattatatcatgcatgcaaggtaatgagta,AGACTCAGTCTC,AAATTGTAAGGA,5,0,5,,genbank acc. AC027004
D16S539,GGAGGATGACTGTGTTCCCACTCTCAGTCCTGCCGAGGTGCCTGACAGCCCTGCACCCAGGAGCTGGGGGGTCTAAGAGCTTGTAAAAAGTGTACAAGTGCCAGATGCTCGTTGTGCACAAATCTAAATGCAGAAAAGCACTGAAAGAAGAATCCCGAAAACCACAGTTCCCATTTTTATATGGGAGCAAACAAAGCAGATCCCAAGCTCTTCCTCTTCCCTAGATCAATACAGACAGACAGACAGGTGGATAGATAGATAGATAGATAGATAGATAGATAGATAGATAGATATCATTGAAAGACAAAACAGAGATGGATGATAGATACATGCTTACAGATGCACACACAAACGCTAAATGGTATAAAAATGGAATCACTCTGTAGGCTGTTTTACCACCTACTTTACTAAATTAATGAGTTATTGAGTATAATTTAATTTTATATACTAATTTGAAACTGTGTCATTAGGTTTTTAAGT,GACAGACAGGTG,TCATTGAAAGAC,4,0,11,,genbank acc. AC024591
D19S433,GGCTGGGGCAGGAAGATCACTTGAGCCCAGGAGGTTGAGGCTGCAAAAAGCTATAATTGTACCACTGCACTCCAGCCTGGGCAACAGAATAAGATTCTGTTGAAGGAAAGAAGGTAGGAAGGAAGGAAGGAAGTAAGTAAGGAAGGAAGGAAGGAAGGAAGGAAGGAGAGAGGAAGAAAGAGAGAAGATTTTTATTCGGGTAATGGGTGCACCAAAATATCAGAAATCACTGCTAAAGAACTTATTCATGTAACCAACACCACCTGTTCCTTAAAAACCTATTGAAATAAAAACAGAAAGAAAGAGAGAAAGAGGAAGGAAGGAAGGAAGGAAAGAAGGAAGATTGATTCCTAGAACCCC,AAGATTCTGTTG,AGAGAGGAAGAA,4,0,16,,"genbank acc. AC008507.6, true repeat count differs from nomenclature"
D2S1338,TCCTGACTACAGTGACAGCAAAACCCTGAAAATGGCAATTCCTACTGGCCCATAATCCAGCTGTGGGAGGGAGCCAGTGGATTTGGAAACAGAAATGGCTTGGCCTTGCCTGCCTGCCTGCCTGCCTGCCTGCCTTCCTTCCTTCCTTCCTTCCTTCCTTCCTTCCTTCCTTCCTTCCTTCCTTCCGTCCTTCCTTCCCTCCTGCAATCCTTTAACTTACTGAATAACTCATGATTATGGGCCACCTGCAGGTACCATGCTAGGTACTAGGGATGTAGGCATGAACACTGACAAGGGCCTCTGGGACTGGCATTCTGGTAGGAAAAGGGGTGAGACAGGGAAGAAGCCAGCAAATGTATC,ATGGCTTGGCCT,CTCCTGCAATCC,4,0,23,,genbank acc. AC010136
D21S11,AGATAGGGGAGCTTGTAGATGGTCTGTTATGGGACTTTTCTCAGTCTCCATAAATATGTGAGTCAATTCCCCAAGTGAATTGCCTTCTATCTATCTATCTATCTGTCTGTCTGTCTGTCTGTCTGTCTATCTATCTATATCTATCTATCTATCATCTATCTATCTATCTATCTATCTATCTATCTATCTATCTATCGTCTATCTATCCAGTCTATCTACNTCCTATNNAGTCTGTCTCTGGAGAACATTGACT,AGTGAATTGCCT,GTCTATCTATCC,4,13,26,,genbank sequences do not match indicated STRs. Complex
